DeptCode,DeptName,DeptDescription
357,针一门诊,针一门诊
455,[南院]心血管科门诊,　 天津中医药大学第一附属医院心血管科奠基于上世纪五十年代，历经董晓初教授、阮士怡教授、张伯礼教授等几代人不懈努力，学科得到了全面发展，如今在学术带头人张伯礼教授、学科带头人毛静远教授的带领下，学科实力及规模均名列全国前茅。2013年1月，“中医药防治心血管疾病研究”入选教育部“创新团队发展计划”，更是为学科的进一步发展提供了坚实的基础与强大的动力。  目前学科拥有一支梯队结构合理、综合实力较强的专业团队，现有医护人员56人，其中高级职称18人，博士学位9人，归国人员2人；中国工程院院士1人，国务院政府特贴专家1人，教育部“新世纪百千万”人才1人，首批全国优秀中医临床人才1人，全国名老中医传承工作室建设项目专家2人，天津市名中医2人。学科作为冠心病国家中医临床研究基地、国家中医药管理局重点学科、国家中医药管理局重点专科、天津市“重中之重”学科和天津市卫生局重点专科，拥有心血管病中西医现代诊疗平台，设有天津市卫生局心系疾病证治重点研究室，在临床研究和基础研究方面和天津中医药大学临床评价中心及中医药研究院实验室互为依托。  学科现由专科门诊、普通病房、CCU、介入中心、心血管功能检查室组成，开放病床75张，年收治病人1900人次以上，年门诊量10万人次以上。拥有全新C型臂X线心血管造影系统、中央心电监护设备，常规开展24小时动态心电图、心电图运动平板试验、24小时动态血压监测、心脏彩色多普勒检查等心血管无创检查。科室紧跟心血管现代诊疗技术的最新进展，全面开展心血管介入诊疗，包括冠脉造影、心室造影、大血管造影、心室测压、右心导管检查、经皮冠状动脉腔内成形术、支架植入术、心脏永久起搏器植入等。确定以冠心病、慢性心力衰竭、高血压病等为主要优势病种，同时兼顾急性冠脉综合征（不稳定性心绞痛、急性心肌梗死）、急性心力衰竭、高血压急症等急危重症和微血管性心绞痛（心脏X综合征）、原发性低血压病、病窦综合征等疑难病症。开设冠心病、心力衰竭、高血压、心律失常、心肌炎、心肌病、低血压病、晕厥、高脂血症、介入诊疗随访等心血管系统疾病专病门诊。研制了活血保心丸（651丸）、冠心宁丸、心舒宁片、降脂软脉片（Ⅰ、Ⅱ、Ⅲ、Ⅳ号）、新生脉片、脉安宁合剂、粘脂饮、补肾抗衰片等系列院内制剂，广泛应用于临床，提高了临床疗效。  
276,国医堂专家门诊,国医堂专家门诊
234,儿科急诊,儿科急诊
473,[南院]妇科急诊,[南院]妇科急诊
245,碎石外科门诊,碎石外科门诊
225,泌尿碎石外科急诊,泌尿碎石外科急诊
212,血液内科门诊,血液内科门诊
237,普外科门诊,普外科门诊
470,[南院]普外科门诊,"天津中医药大学第一附属医院内科部为国家教育部重点学科，脾胃科是内科部下属的分支学科，胃肠动力学及形态学试验室，是天津市中医药科研二级试验室。本学科成立于1989年，创始人为我市名中医王文仲老先生,擅长治疗慢性萎缩性胃炎、肠上皮化生及不典型增生，以脾胃湿热论治，根据中医“久病入络”理论，加入活血化淤，软坚散结之品，王文仲主任、陈大权主任共同制成卓有成效的院制剂“健胃合剂”，并获天津市科技进步三等奖。  　　经过20年的发展，我科目前集内窥镜中心、门诊、病房为一体，拥有现代化内窥镜检查设备，即富士能EG-590、EG-410胃镜，EG-495肠镜、十二指肠镜、幽门螺旋菌测试仪、微波内镜治疗仪GW-92F、ERBE电凝内镜治疗仪。我科内窥镜中心杨强主任对上消化道出血内镜下止血、食管扩张术及支架置入术治疗上消化道良、恶性狭窄、经内镜胃造口治疗进食障碍，消化道息肉切除等的治疗，临床经验丰富，疗效显著。  　　目前我科门诊有主任医师4名、副主任医师3名，主治医师3名，年门诊量5.5万人次。主要诊治病种为慢性萎缩性胃炎、肠上皮化生及不典型增生、功能性消化不良、反流性食管炎、消化性溃疡、幽门螺杆菌感染相关性胃炎、急、慢性胰腺炎、肠易激综合症、不完全性肠梗阻、慢性结肠炎、溃疡性结肠炎及消化道肿瘤等疾病。       天津中医药大学第一附属医院普外科成立于2005年12月，科室医疗专业涵盖普通外科、胸外科、肿瘤外科等，是一个专业梯队合理、诊疗规范、技术精湛、医德高尚，既有中医特色，又能完成危、急、重症患者抢救、治疗，并适应现代化医院发展要求进行各种外科常规及复杂手术、微创手术及内镜治疗的专科。科室现有医务人员14人，其中主任医师4人，副主任医师3人，主治医师6人；其中外聘专家2人、国务院特贴专家1人；硕士及以上学历医师5人。科室建有SICU，配备中央监护、呼吸机、除颤仪、冰毯等设备，能够完成床旁急救及各类床旁抢救手术。在完成临床工作的同时，进行临床带教任务，培养进修医师、研究生、本科生及规范化住院医师培训学员数十名。我科临床专业主要涉及以下专业：       急腹症专业：急腹症是以急性腹痛为主要表现的腹部病变，具有发病急、病情重、变化快等特点，多采用手术方法治疗。我科采用中西医结合疗法配合手术治疗急性阑尾炎，急性肠梗阻、肠粘连、肠瘘，上消化道出血、穿孔，胆石症与胆系感染，重症胆管炎，重症胰腺炎等。在完成高质量手术的同时，在围手术期运用中医药辨证论治配合针灸治疗，提高了治愈率，降低了肠粘连、感染等术后并发症，缩短了患者住院时间，减少患者医疗费用。急救医学是一个发展较快，具有广阔前景和很大潜力的新兴学科。我科重点开展高龄、合并多种疾病的急危重手术的综合治疗。       肝胆胰专业：我科采用微创手术技术，结合中医药治疗，具有疗效可靠、治愈率高、住院时间短、患者痛苦少等特点。我科能熟练完成各种肝胆外科手术，如胰十二指肠切除术、肝癌切除术、复杂胆道畸形及胆道复发结石手术等，并可开展腹腔镜下胆囊切除术、肝囊肿开窗术、阑尾切除术、肝活检术等。现拟于年内配备十二指肠镜设备，可完成内镜下鼻胆管引流术（ENBD）、胆胰管造影术（ERCP）、胆总管碎石取石术、奥狄氏括约肌切开或球囊扩张术、狭窄胆管球囊扩张术、支架置入术等，以进行微创治疗胆道结石、急性重症胆管炎、胆管及十二指肠乳头良性狭窄、急性胆石性胰腺炎、胆道蛔虫症、恶性胆道梗阻、胆漏、等疾病。术后配合传统的中医辨证论治中药治疗及针灸，以促进患者早日恢复，提高治愈率，降低复发率等。       胃肠专业：常规开展胃癌根治性手术，结肠癌根治术，直肠癌根治术，小肠肿瘤切除手术，术后根据病人情况不同，给予化疗、免疫支持治疗及靶向治疗和中医药等综合方法，明显提高疗效，延长患者生存时间，改善患者生存状态。对于炎性肠疾病、肠梗阻、结肠息肉病、肠粘连、肠瘘等疾病，我科采用中西医结合治疗方法，收到了良好疗效、积累了丰富经验。       疝专业：对于腹股沟疝、切口疝、腰疝等疾病积累了丰富的经验，具有疗效肯定，复发率低的特点。尤其对于各种复杂的复发疝、巨大腹壁疝等，均能够采用国际最新技术，开展无张力疝修补术，很大程度上提高了手术成功率。       胸外科专业：对于常见胸外科疾病如肺癌、食道癌、纵隔肿瘤等进行手术治疗。对常见胸外科创伤如血气胸、脓胸和少见疾病如食道自发破裂等进行成功的抢救及治疗，收到了良好的效果。       乳腺及甲状腺专业：对于常见恶性疾病如乳腺癌、甲状腺癌进行手术治疗，如乳腺癌根治术、改良根治术、保乳手术、乳腺成型、再造，甲状腺癌根治、颈部淋巴结清扫等。对甲状腺功能亢进患者行甲状腺切除术，术后配合中药治疗、控制症状，收到了良好效果。     "
269,体检中心,体检中心
302,重症医学科门诊,重症医学科门诊
476,[南院]治未病门诊,[南院]治未病门诊
356,特需会诊中心,特需会诊中心
417,针刀门诊,针刀门诊
821,[南院]合作科室1,[南院]合作科室1
361,针六门诊,针六门诊
246,特需针灸门诊,特需针灸门诊
478,[南院]普外科急诊,[南院]普外科急诊
442,[南院]小儿脑瘫门诊,[南院]小儿脑瘫门诊
207,内分泌科门诊,内分泌科门诊
178,健康药浴中心,健康药浴中心
462,停用[南院]综合治疗科门诊,[南院]综合治疗科门诊
443,[南院]儿科门诊,"　   儿科始建于1954年，经过几代人的努力，目前已成为国家中医重点专科儿科协作组组长单位之一(2012年),中华中医药学会儿科分会主任委员单位(2009年、2013年),国家临床重点专科(2011年)，国家中医药管理局“十五”、“十一五”、“十二五”重点专科(2002年、2007年、2012年)，国家中医药管理局重点学科(2009年)，国家中医药管理局疑难病(儿科疾病)会诊中心(2013年)，国家精品资源共享课建设单位(2013年)，国家级精品课程建设单位(2009年)，天津市卫生系统重点发展学科(1996年)，天津市卫生局中医药儿科脑病重点研究室(2008年)，全国中医儿科专科医疗中心建设单位(1997年)，天津市重点中医专科(1999年)，天津市级教学团队(2013年)。本专科为中医儿科学博士学位授予点、中医儿科临床博士后流动站，承担国内外高层次中医儿科人才的培养工作。     本专科现有成员43人，卫生部突出贡献专家1人；享受国务院特殊津贴专家2人；国务院学位委员会第六届学科评议组成员1人；全国博士后管委会评审专家1人；国家药典委员会委员1人；国家食品药品监督管理局新药审评委员会委员1人；中华中医药学会儿科分会主任委员1人、常务委员2人(1人兼秘书长)、委员1人；世界中医药学会联合会儿科专业委员会副会长2人、常务理事1人、理事2人；世界中医药学会联合会中药上市后再评价专业委员会副会长1人、常务理事1人、理事2人；全国中医药高等教育学会儿科教学研究会副理事长1人、常务理事1人；中华中医药学会量效关系分会副主任委员、常务委员、委员各1人；中华中医药学会继教分会委员1人；全国名中医药专家学术经验继承工作指导老师3人；全国优秀中医临床人才3人；天津市名中医3人；天津市授衔专家1人；天津市中医药学会副会长、儿科专业委员会主任委员各1人。博士生导师3人，硕士生导师9人。      目前设有南北两院区门诊、急诊，南院区病房包括三个病区、儿科重点研究室、儿科教研室、儿科新药临床研究室。其中门诊诊室北院区9间，南院区7间，特色治疗室4间，南院区病房床位136张，门诊输液室床位50张。儿科脑病研究室在医院功能检查科、影像科、病理室、免疫室等技术科室的基础上，进一步开展了视频脑电图、24小时动态脑电图、常规脑电图、脑电地形图、血药浓度等检测项目；此外学科还开展了24小时动态心电记录、多导心电图、肺功能仪、微量元素、过敏原试验等检测项目。儿科病房设有儿童重症监护区(PICU)，整个病房按照国际标准ICU流程设计，病房间隔采用玻璃幕墙，透视度极佳，保温效果好，装备了进口人工呼吸机、中心监护仪，并配有心脏除颤器、微量输液泵等现代化的抢救设施；目前科室电子支气管镜技术也在逐步成熟，将会为未来科室救治重症病人提供支持和保障。  　　儿科重点研究室主要针对小儿脑系疾病、小儿肺系疾病、小儿心系疾病及肾与免疫相关疾病等特色专病开展深入系统研究，设有癫痫、心肌炎、抽动症、多动症、脑瘫、哮喘、小儿推拿门诊。近5年本专科先后承担省部级以上课题28项。其中主持国家级课题11项(“重大新药创制”科技重大专项2项、国家自然基金课题6项、国家“十一五”支撑计划课题2项、国家“973”课题1项)。近5年本专科获得省部级一、二、三等科技奖励10项，其中作为第一完成单位取得的获奖成果9项。专科学术骨干发表与本学科相关的学术论文123篇，学术会议论文28篇。参加国家中医药管理局、卫生部、教育部普通高等院校规划教材编写10部，其中3部为主编，2部为副主编。出版专著6部。获得专利4项。并起草了小儿感冒、肺炎等12项临床指南，已由中华中医药学会儿科分会颁布。专科建立了2个国家级名中医工作室(李少川、陈宝义)和1个天津市名中医工作室(马融)，并借助国家中医药管理局优秀中医临床人才培养项目、第五批全国老中医药专家学术经验继承工作及大学“131工程”及医院名医带徒工作，培养了一批学术带头人及学术骨干。于2009年被评为国家中医药管理局中医药优势学科继续教育基地。同时本学科为天津市首批住院医师规范化培训中医儿科专业基地。每年参加国家中医药管理局医师资格认证中心命题工作。在临床、科研、教学各方面学术水平居国内领先地位。  　　专科今后的发展目标为依托天津中医药大学第一附属医院国家中医临床研究基地平台，利用本学科国家临床重点专科、中华中医药学会儿科分会主任委员单位、科技部儿科中药新药临床研发平台、国家级精品课程及国家精品资源共享课等优势，将学科建设成为一流的国家重点专科、重点学科，并引领全国中医儿科同行进一步发挥中医药治疗儿科疾病的特色，提高行业医疗服务水平。"
24,国医堂二部,国医堂二部
108,骨伤科门诊,骨伤科门诊
123,康复科门诊,康复科门诊
495,停用[南院]针灸所门诊,[南院]针灸所门诊
244,妇科急诊,妇科急诊
439,[南院]综合康复科门诊,综合康复科是一支高素质、专业化的精英医疗团队，现配备主任医师1人、副主任医师1人，主治医师2人、治疗师4人，医学博士2人，医学硕士3人，医学学士3人。    科室带头人于涛主任医师，针灸学博士，硕士研究生导师，中国中西医结合学会神经科专业委员会常委，天津市中西医结合学会神经科专业委员会副主任委员，综合康复科在他的带领下，坚持走中西医结合综合康复的道路，针对神经系统疾病、骨关节及软组织疾病导致的运动障碍、感觉障碍、平衡障碍、言语吞咽障碍、认知障碍、二便障碍，科室运用历史悠久的传统康复技术（针刺、灸疗、推拿、中药、湿敷、熏蒸、拔罐等），积极引进有循证医学证据的疗效确切的现代康复技术和设备，探索两者结合的最佳模式，形成中医特色鲜明的中西医结合康复治疗体系。   科室宗旨：        通过卓有成效的康复治疗，和蔼可亲的服务态度，及时透彻的医患沟通，为患者提供良好的就医体验。  专病治疗特色：        坚持以患者为中心，针对患者功能障碍的各个细节，量身制定个体化的诊疗方案，最大限度提高患者的生活质量、最大限度减轻家属的负担。  综合康复科目前治疗疾病：        一、神经系统疾病：中风病(急性期、恢复期、后遗症期)、头痛、失眠、帕金森病、认知障碍(血管性认知障碍、轻度认知障碍)、老年期痴呆(老年性痴呆、路易体痴呆、额颞叶变性、血管性痴呆)、多发性硬化、视神经脊髓炎、脊髓炎、脊髓损伤、脊髓灰质炎、吉兰巴雷综合征、三叉神经痛、难治性面神经麻痹、面肌痉挛、动眼神经麻痹、坐骨神经痛、腓总神经损伤、带状疱疹后神经痛、糖尿病周围神经病变。       二、骨关节系统疾病：颈椎病、腰痛、骨关节炎、骨折、关节置换术后、手外伤术后。       三、软组织损伤造成的疼痛，活动受限。人体的皮肤、皮下浅深筋膜、肌肉、肌腱、腱鞘、韧带、关节囊、滑膜囊、神经血管等软组织的病理损害造成的疼痛、活动受限，甚至功能障碍。  
453,[南院]肾病科门诊,天津中医药大学第一附属医院对慢性肾脏病的研究始于上世纪50年代，自我院前身--天津市立中医院创办以来，以津门名医柴彭年为创始人的肾脏病研究拉开了帷幕。此后，以黄文政、曹式丽教授为学术带头人的科研团队总结、整理，创立了“疏利少阳、标本兼治”的治疗大法，对肾脏病研究理论和方法的不断充实与发展，带动了一批学有所成的学术继承人，建立了中医肾病科学科团队。在学科带头人杨洪涛教授的带领下，逐步形成了稳定的研究方向，合理的研究梯队，历经“奠基—夯实—发展—壮大”的发展历程，现已成为全国知名的中医肾脏病研究中心之一。科室是国家中医药管理局“十五”、“十一五”、“十二五”中医肾病重点专科，设有：慢肾风（慢性肾小球肾炎）；肾衰病（慢性肾功能衰竭）；消渴肾病（糖尿病肾病）三个重点研究病种。由于专科建设成绩突出，人才辈出，2010年又被国家中医药管理局评为【中医肾病学】重点学科。   　　 经过多年的学科发展和几代人的努力，本着继承与发展并重的原则，突出中医药治疗慢性肾脏病的优势，中医肾病学已经形成了多个稳定的研究方向，取得了一批标志性的科研成果，在全国具有较高的学术影响。主要研究的方向有：  1. 从三焦辨识肾病的理论及疏利少阳法则的确立  2. 常见肾脏疾病中医临床诊治规程及疗效评价方法学研究  3. 中医药提高终末期肾病患者生存质量的关键技术  4. 慢性肾脏病的一体化管理及中药单元疗法的建立  　　在本学科建设的过程中，逐渐形成了从中医“少阳主枢”治疗慢性肾病的诊疗特色。中医肾病学在建设的过程中狠抓学科内涵建设，注重提高学科团队的整体学术水平，为中医药学科领域培养高层次人才为重点；以提高解决肾病领域重大科学技术问题的能力，规范中医药治疗肾脏疾病的诊疗流程及路径管理，探索有中医药特色的管理模式为目标。   　　 本学科为国家中医药管理局“十一五”肾病重点专科协作组“中药结肠透析”协作组组长单位，主要负责华北地区联络工作，并成为糖尿病肾病、慢性肾小管间质病变及肾病综合征协作分组副组长单位。  　　 近5年来，学科着重开展以提高临床疗效为核心的相关基础科学研究，学科骨干承担国家级自然基金、中医药行业专项等高级别课题7项、天津市科委自然基金、天津市教委、天津市卫生局等省部级课题7项、局级及其他课题10余项。研究成果获省部级以上科学奖励近10项。近5年，中医肾病学学科培养了医学博士14名；医学硕士54名；优秀临床人才2名；名中医学术继承人5名；“131”优秀人才3名，天津市名中医2名；天津市青年名中医1名。    
217,疼痛科门诊,疼痛科门诊
485,[南院]男科门诊,天津中医药大学第一附属医院男病科创建于1989年，经过20多年的发展，科室发生了巨大的变化。现有主任医师4名、副主任医师2名、主治医师3名，人才结构合理，技术全面，设备齐全。我科充分发挥中医优势，采用中西医结合方法，治疗前列腺炎、前列腺增生、少、弱精子症、阳痿、早泄、睾丸炎、附睾炎、精囊炎、精索炎及性传播疾病等男科常见疾病，并运用激光手术治疗包皮过长、包茎、尖锐湿疣等，尤以治疗慢性前列腺炎、前列腺增生、男性不育症、男性性功能障碍为特长。   
468,[南院]骨伤科急诊,[南院]骨伤科急诊
458,[南院]肿瘤内科门诊,　　天津中医药大学第一附属医院肿瘤科是以中西医结合为特色的集医疗、教学、科研为一体的临床学科。1994年肿瘤科被确认为院级重点学科；2004年本专科被评为天津市总工会“十五”立功先进集体及天津市卫生局首批诚信科室；2005年被列为天津市卫生局重点发展学科；2007年又被批准为国家中医药管理局重点专科。同年，本科室被确立为天津中医药学会肿瘤专业委员会挂靠单位和天津市中西医结合肿瘤研究所合作单位；2008年被中华医学会伦理学分会授予生命关怀实践基地；2009年经医院批准成立了肿瘤临床研究室，并成功举办了具有国际影响力的中医药肿瘤大会。2011年举办了中医药标准化培训，中医药防治肿瘤新进展与护理，2012年批准为国家级癌痛规范化治疗示范病房，并成功举办了中医药标准化高级人才培训、中西医结合治疗肿瘤新进展学习班暨天津中医药学会及中西医结合学会肿瘤专业委员会学术年会。2013年批准为国家临床重点专科，并承办了中西医结合治疗恶性肿瘤新进展暨前列腺癌中医标准化研究研讨会。2015年搬入新院区进一步扩大学科规模，成为全国最大的中医肿瘤治疗中心之一。2016年被评为三八红旗集体，并成立天津市中医药科研二级实验室。近3年承担各级课题30余项，并获省部级科学技术进步奖6项，发表SCI学术论文13篇，国内医学类核心期刊论文200余篇，培养博士研究生4人，硕士研究生200余人，开展5项国家级、2项省部级继教项目。本专科已形成合理的人才梯队，其中博导1人，硕导12人，在全国同领域中具备了较强的实力和一定的影响力，占据了较为重要的学术地位。  　　目前，肿瘤科年门诊量超过10万人次，住院病床达150张，病床使用率超过100%。2001年肿瘤科在已经成为中医内科学硕士学位授予权的基础上，又被获准成为中西医结合肿瘤学硕士学位授予权；于2003年再被批准为临床医学(西医)的硕士授予权的学科，更加拓宽了肿瘤科招收研究生的领域，开拓性地为全国培养出中医肿瘤专科的高级人才。  　　肿瘤科以“扶正抗癌，解毒祛瘀”为治疗理念，以重点专科建设为特色，以科学研究为优势，以多学科交叉协调发展，坚持“传统与创新协同，科研与服务并举，以质量求内涵，全面协调发展”的方针，立足天津、面向全国、辐射世界，建设高层次、外向型、国内一流、国际知名的中医肿瘤研究基地。  　
312,男科门诊,男科门诊
832,[南院]脑血管病科急诊,[南院]脑血管病科急诊
127,骨伤推拿科门诊,骨伤推拿科门诊
218,综合治疗科门诊,综合治疗科门诊
203,肝胆内科门诊,肝胆内科门诊
482,[南院]感染管理科,[南院]感染疾病科
467,停用[南院]外三科急诊,[南院]外三科急诊
221,急症科门诊,急症科门诊
205,口腔科门诊,口腔科门诊
199,儿科门诊,儿科门诊
449,[南院]口腔科门诊,口腔科现有主任医师2名，主治医师3名，医师3名，主管技师1名。拥有西门子、意大利和台湾产综合治疗台6部，以及铸造烤瓷等先进医疗设备。
446,[南院]妇科门诊,　  天津中医药大学第一附属医院妇科是一个中西医结合型科室，中西医技术力量齐备，科内汇集天津市妇科名中医、哈氏妇科传人，中西医结合专家及一支活跃的老中青相结合的医疗队伍。其中主任医师8名，副主任医师4名，博士研究生6人，硕士研究生6人，形成了高学历、高素质的人才梯队。妇科门诊配备妇科综合治疗室、计划生育手术室、彩超室、阴道镜室等。妇科病房集聚妇科腹腔镜、宫腔镜、阴道镜、LEEP治疗仪、彩超等先进医疗设备，运用中医、中西医结合方法，诊治妇科常见病、多发病及疑难疾病。在月经病、绝经综合征、子宫内膜异位症、不孕症、盆腔炎性疾病等方面，有独特的诊治经验，疗效显著。  　　目前，妇科已成为最具特色的专科之一，凸显祖国医学简便验廉的优势，同时开展妇科各类手术，尤其腔镜微创手术系列，在天津市呈领先态势。  　　继承和发扬老一辈妇科专家经验，注重中西医结合，突出双重诊治特色，逐步形成特色专科，运用中医特色治疗方法，开辟多途径给药及综合治疗方法。譬如，针灸、灌肠、中药离子导入、阴道冲洗、宫颈上药、阴道灌洗、穴位敷贴等，基本形成以中医中药为主，中西医结合综合诊治各种妇科疾病的医疗格局，临床疗效达国内先进水平。  
822,颈腰损伤科门诊,颈腰损伤科门诊
452,[南院]皮肤科门诊,天津中医药大学第一附属医院皮肤科始建于1986年，自创建以来一直致力于中医药治疗皮肤病的研究，历经几代人数十年的临床探索，在各类皮肤病的诊治方面，积累了丰富的经验，形成了独具特色的皮肤病中医辨证治疗体系。     学科拥有一支梯队结构合理、综合实力较强的学术团队，现共有医生17名，其中正高级职称4人、副高职称3人，硕士生导师1人，具有博士学位1人，硕士学位10人。皮肤科学科带头人、硕士生导师、科主任张池金教授作为中华中医药学会皮肤病分会，美容分会委员，中华医学会皮肤性病学会天津分会委员，在多年的临床实践中积累了丰富的经验，在皮肤病的治疗上主张辨证与辨病相结合，在吸收现代医学科学的基础上，注重发挥中医的特点和优势，以精湛的医术赢得了广大患者的信誉。科副主任张秉新，取得北京大学医学博士学位，担任天津中西医结合学会皮肤性病学分会及变态反应分会的青年委员，专注于皮肤病及性病的中西医结合治疗，发表专业论文十余篇。     学科临床主要以痤疮、黄褐斑、湿疹、银屑病、带状疱疹、白癜风及各种脱发为主要优势病种，同时在中医药治疗变态反应性皮肤病、血管炎类皮肤病、结缔组织病方面积累了丰富的经验。临证注重保持和发扬中医药特色，秉承“仁、和、精、诚”的中医药文化核心价值，诊查患者时以望、闻、问、切的中医四诊方法，坚持辨证论治，以中药汤剂治疗为首选，坚持君臣佐使的中药配方法则，患者认可度强，复诊率高，在我市皮肤科医疗中独具特色。  在张池金主任的带领下，我科始终坚持中医辨证特色，践行个体化诊疗各类皮肤疾病，为发掘中药多种制剂、方便患者使用，我科开发研制了驱风丸、白疕丸、白驳丸、油风丸、祛脂生发丸等口服中成药，受到了广大患者的一致认可。中医外治法作为皮肤科的重要治疗手段，在我科得到了发扬和提升，我院拥有黄连膏、消敏膏、痤疮膏、消敏膏、紫草膏、归草膏、金黄膏等20余种传统中药院内制剂，同时我科还开展穴位拔罐、中药熏蒸、中药湿敷、中药倒膜、火针、梅花针、封脐等10余种传统中医特色疗法。在突出中医特色的同时，我科紧跟时代的发展，积极吸纳最新学科发展前沿技术，引进强脉冲光（IPL)、点阵激光、超脉冲二氧化碳激光、氦氖激光、半导体激光、红蓝光光动力、紫外线光疗等各种先进激光光疗设备和医学美容设施，覆盖了优势病种治疗的各个环节，传统中医与现代技术不断融合，继承创新，优势互补，内外兼治，满足了患者对各类常见皮肤病全方位、个体化的诊疗需求。  
472,[南院]特需门诊,特需门诊设有独立诊室；治疗室；中医特色物理治疗室、针灸治疗室、VIP诊室。候诊区环境安静、优雅，诊室私密。  　  特需门诊有专业护士为病人提供“一站式”全程陪同服务。为病人提供方便、快捷、优质的服务。  服务对象  　　外宾、高端人群、老干部及特殊需求的病人。  出诊专家  　1.院士、享有国家特殊津贴的专家、教授、主任。  2.我科有指定专家出诊也可由患者可以自己选择专家，约定就诊时间  
451,[南院]内分泌科门诊,　  天津中医药大学第一附属医院内分泌科成立于1998年，经过十余年的发展建设，已成为目前天津市最大的中医、中西医结合治疗内分泌疾病的临床诊疗中心。同时，也是国家中医药管理局“十二五”重点专科建设单位，天津市中医药学会糖尿病专业委员会挂靠单位，天津中医药大学中医内科学内分泌代谢病方向博士点单位，国家中医新药内分泌专业临床评价中心。  　　内分泌科经过十几年的发展，在学科带头人吴深涛教授的带领下，已成为集医疗、科研、教学于一体的重点学科。临床坚持以发扬中医药特色优势为出发点，秉承中医传统与现代医学相结合的思路，逐渐形成了以中医药治疗糖尿病慢性并发症为诊疗特色的专科优势，并确立糖尿病周围神经病变、糖尿病肾病和糖尿病脂代谢紊乱三类疾病为临床优势病种，制定和完善了优势病种中医诊疗方案。对甲状腺疾病、肾上腺疾病、痛风及高尿酸血症、脂代谢紊乱等内分泌代谢疾病治疗方面经验丰富。先后承担和参加国家级课题6项，主编出版学术专著4部，发表学术论文150余篇，培养硕士研究生60余名，博士研究生5名。  　　内分泌科病房自2008年以来开展各种健康教育活动，成立了糖友之家，建立了糖友之家新浪博客，为患者之间的交流搭建了平台；开展多种形式健康教育讲座及沙龙活动，邀请内分泌专家为糖友们答疑解惑。通过各种途径和方法，培养糖尿病患者自我管理的意识，提高患者的生活质量，为患者搭建一座健康的桥梁。  　　内分泌科现共有医护人员30余人，其中医生20名，具有高级职称9人(正高6人)，具有博士学位5人，硕士学位13人。护理人员12名。住院部病床48张，拥有中药院内制剂10余种。    
365,针灸所门诊C26,针灸所门诊C26
211,心血管科门诊,心血管科门诊
844,甲状腺专病门诊,甲状腺专病门诊
213,眼科门诊,眼科门诊
219,C楼取药门诊,C楼取药门诊
465,[南院]急症科门诊,[南院]急症科门诊
300,停用发热急诊,发热急诊
522,[南院]脑血管病科门诊,科室在“整体观”和“治未病”思想指导下，强调中西医、内外科结合，构建从院前急救到住院治疗再到康复预防全过程、全方位的立体诊疗模式，建立了以神经血管介入、显微神经外科手术、中西医结合为特色的脑血管病诊治单元，为脑卒中患者提供中西医结合药物治疗、神经血管介入治疗、手术治疗、康复治疗等综合解决方案，以期获得最佳疗效。  　　现有一台大型C型臂数字血管造影机的基础上，新院区又购进一台西门子大型平板C型臂数字血管造影机，完全满足临床进行神经脑血管疾病介入诊断和治疗的需要。  　　神经介入血管内治疗技术经过30余年的发展已趋于成熟，成为神经学科微创医学的重要组成部分，具有微创和微侵袭的特点，操作简便，治疗安全度高，创伤小恢复快，住院时间短，效果可靠等优点，使得原来必须开刀开颅手术解决甚至开刀开颅手术不能解决的脑血管疾病得以诊治，愈来愈受到临床医师的认同和重视。近年来，该技术已成为传统脑外科手术的重要补充替代手段，并拓展了常规脑内科的治疗范围。  
222,便民取药门诊,便民取药门诊
804,乳腺外科门诊,乳腺外科门诊
456,[南院]血液内科门诊,　  天津中医药大学第一附属医院血液科，始建于1972年，是本院成立较早的科室之一，是天津市规模最大的中医、中西医结合治疗血液病的临床科室，是天津市中西医结合学会血液学专业委员会挂靠单位，2005年被评为为天津市卫生局重点专科，2007年被国家中医药管理局评为“十一五”重点建设专科，2012年被国家中医药管理局评为“十二五”重点学科。目前共有包括层流净化病房床位在内的开放床位41张，天津市二级实验1间。床位使用率始终保持在100%以上，开设专科专病10余个，年门诊量达3万人次，就诊患者覆盖全国。  　　血液科学术梯队合理，共有专业技术人员16名，其中主任医师3人，副主任医师5人，博士生导师1人，硕士生导师4人。本科在近40年的发展历史过程中，在白血病、再生障碍性贫血、特发性血小板减少性紫癜、恶性淋巴瘤、多发性骨髓瘤、骨髓纤维化、骨髓增殖性疾病及各类贫血、白细胞减少等疾病的治疗方面积累了丰富经验，并率先应用补肾活血法治疗慢性再生障碍性贫血、中西医结合单元疗法治疗急性白血病及清肝化瘀法治疗骨髓增殖性疾病等等，取得良好疗效。先后承担国家及省部级科研课题20余项，获得天津市科技进步奖5项、中华中医药学会科技进步奖1项。目前承担国家自然科学基金课题3项，天津市自然科学基金3项，天津市卫生局课题1项，参与国家“十一五”科技支撑计划2项，中医药行业科研专项课题1项，拥有一支集医疗、教学、科研为一体的高水平人员队伍。  
233,骨伤科急诊,骨伤科急诊
214,肿瘤内科门诊,肿瘤内科门诊
444,[南院]耳鼻喉科门诊,  天津中医药大学第一附属医院耳鼻喉科成立于1986年5月，至今已有20多年历史。我科多年来致力于对耳鼻咽喉科多发病、常见病、疑难病的中西医结合治疗研究工作，辨病与辨证相结合，标本兼治，具有丰富的临床经验。每年承担中医药大学本科生、留学生、研究生的教学工作，培养本专业硕士研究生4名。近年来以中西医结合治疗过敏性鼻炎、神经性耳聋耳鸣为主要科研方向，不断实现医、教、研工作的全面进步。  　　拥有医生8人，均从事中西医结合耳鼻喉科临床工作多年，具有丰富的临床经验。其中，教授1人，主任医师1人，副主任医师4人。临床开设神经性耳聋、耳鸣、过敏性鼻炎、鼻窦炎、鼻炎、渗出性中耳炎、慢性咽喉炎等专科门诊；拥有电测听仪、声阻抗仪、纤维喉镜、鼻内窥镜等大型检测设备和激光、微波等先进治疗手段。采用中药自制汤剂、针灸、理疗、耳穴贴敷、穴位注射等中西医结合治疗上述各病，均取得很好疗效。  　　尤其在运用综合疗法，治疗神经性耳聋、耳鸣；鼻渊汤剂治疗鼻窦炎；鼻敏康治疗过敏性鼻炎；行气活血化淤、通窍开闭、淡渗利湿方法配合耳咽管注药，治疗渗出性中耳炎及声带疾病方面，均取得满意疗效。  　　特别是引进现代高科技手段，譬如，纤维喉镜、鼻内窥镜等技术，使临床根据内窥所见病症，在中医理论指导下，进行系统辨证施治，创新总结出一套行之有效的治疗方法和经验，其疗效明显优于单纯西医治疗。  
204,呼吸内科门诊,呼吸内科门诊
460,[南院]疮疡及周围血管外科门诊,天津中医药大学第一附属医院外一科经过50余年的发展和几辈外科人的共同努力，在糖尿病足坏疽周围血管病各种类型疮疡骨髓炎窦道烧烫伤等病种方面都是专病专药并有特色治疗方法。   　　其中糖尿病足坏疽是天津市重点专科专病诊疗基地自1987年以来疮疡专科先后收住院3000余例严重糖尿病足坏疽患者，针对糖尿病足坏疽这一疾病做了长期大量的临床工作及较深入的基础研究，积累了丰富系统的治疗经验，并形成规范化的内外结合、中西药结合、手术及中医特色外治法相结合的诊疗方法，其临床和基础研究达国内领先水平。承担的“中西医结合治疗重症糖尿病足坏疽”课题先后被评为国家级科研成果、国家“八五”科学技术成果，1994年获天津市卫生局科技进步二等奖，1995年获天津市科技进步三等奖。1998年，外科被确定为天津市首批重点专科。   　　长期的医疗实践在治疗周围血管疾病及重症疮疡等方面积累了丰富的经验。采用中医为主、中西医结合的系统综合治疗血栓闭塞性脉管炎、动脉硬化闭塞症、下肢静脉血栓形成、下肢静脉曲张等疾病取得了良好的疗效。对中医外科传统疗法继承创新，对于各部位疮疡尤其是重症疮疡的治疗有良好的效果。  　　目前科室拥有主任医师11名，副主任医师10名及中级医疗技术人员4名，其中硕士研究生8名，设60余张病床，几十年专病综合治疗经验，数十个内服、外用药制剂，较庞大的天津市及华北、东北地区患者群。  　　经过多年努力获得了2个国家级科研、5个市级相关课题、《糖尿病足辨证分型与病理学相关性研究》2003年国家自然科学基金课题《糖尿病足的病理分子机制与中医辨证分型相关性研究》获得2004年国家自然科学基金课题资助。《中西医结合治疗重症糖尿病足坏疽》《糖尿病足坏疽细菌学及中药外治的临床研究》《急性坏死性筋膜炎的中西医结合治疗》等课题，近10年获天津市科技进步三等奖3项、二等奖1项。
858,[南院]眼科急诊,[南院]眼科急诊
674,临床试验机构,临床试验机构
364,针八门诊,针八门诊
856,[南院]感染疾病科门诊,　  为推动我市感染性疾病的规范诊疗工作，我院于2017年4月正式成立感染疾病科，承担诊断和治疗各种以发热为主要临床表现的感染性疾病(非传染病)。  　　科室收治各系统感染性疾病(如呼吸系统、泌尿系统、中枢神经系统、皮肤软组织和骨关节感染等)及不明原因发热患者。  　　研究重点为脑卒中相关性肺炎的治疗和预防，免疫受损人群(血液病、风湿免疫病)相关特殊感染和不明原因发热的诊疗，医院感染的预防与控制和抗菌药物的合理使用。  　　感染疾病科病房床位23张，现有主任医师1人，副主任医师1人，主治医师2人，住院医师3人。  　　学科带头人刘旻从事临床工作20余年，积累了丰富的临床经验，熟知各种感染性疾病及各种发热性疾病诊断，对抗菌药物的临床应用及抗感染治疗有深厚的基础理论知识和丰富的临床经验。  
450,[南院]老年病科门诊,老年病科由内科特需和普内科合并，组建于2010年，隶属于内科部(国家教育部重点学科)。科室人员技术力量雄厚，人才梯队合理。现有医生28名，护士40名。其中主任医师5名，副主任医师6名，主治医师4名，医师13名；博士2名，硕士14名，学士12名。现任科主任杨锡燕，副主任刘湘玲、护士长郭玉红、李艳霞。  　　病房现有床位52张，位于医院北院区；门诊诊室15间，分布于医院的南北院区。本科室主要针对内科常见疾病展开综合防治，特别是在中西医结合治疗老年常见病(高血压、冠心病、肺炎、骨质疏松等)、内分泌代谢病(痛风病、糖尿病、血脂代谢异常)等方面有较大优势，擅长治疗心、肺、脑、肾等多脏器联合病变的慢性疾患。  　　在近20年中我科致力于天津市老干部医疗保健工作及老年常见病的诊疗研究，开展内科疾病相关的中西医结合保健和诊治工作，医疗服务实施人性化管理，拥有优质的医疗环境。  　　科室承担多项国家、省市级及卫生局科研课题，2010年获批为天津曹克光学术思想工作室，2013年成为全国名老中医—曹克光教授传承工作室。获天津市科技进步二等奖2项、三等奖4项，填补卫生局技术空白1项。培养研究生50余名，发表学术论文百余篇，专著1部。开发研制出系列院内制剂，临床疗效显著。  　　本科室作为天津市卫生局全科医师规范化培训基地、天津中医药大学临床教学实习基地，承担全科及住院医师、博硕士研究生、本科生、留学生的大学授课、临床教学和实习带教工作，培养了大批临床骨干和高层次人才。  　　以痛风病、高血压病、代谢综合征为专科病种，开展了一系列临床与基础研究工作，建立了一整套综合治疗体系。尤其在治疗痛风病方面，自上世纪90年代开始，创立了健康教育、中西医结合内外并治的综合防治体系，疗效显著，是国内知名的痛风病防治中心之一。开发研制出内服及外用系列中药制剂—痛风合剂、痛风胶囊、痛风止痛涂膜剂、痛风洗泡汤剂等院内制剂。在国家中管局行业专项的资助下，对老年高血压的中医特色防治进行了较深入的研究与开发，形成了中西医结合的特色治疗方法。开展了中医药对代谢综合征的早期干预研究，研制了具有化痰祛瘀解毒功效的系列院内制剂。设有痛风病、老年高血压和代谢综合征专病门诊。    
523,[南院]肛肠科门诊,　  天津中医药大学第一附属医院肛肠科，在秉承我院50余年中医治疗肛肠疾病的基础上，在各级领导和兄弟科室的支持下，在刘剑主任的领导下，坚持以病人为中心，坚持无痛微创的手术理念，积极开展了各类肛肠手术，使我院肛肠疾病的诊治水平实现了质的飞跃。经过全体医务人员的不懈努力，科室蓬勃发展，取得了长足的进步。学科集临床、教学、科研为一体，是采用中西医结合特色疗法治疗肛肠疾病的专业科室。设有肛肠科病房和肛肠科门诊。  　　学科充分发挥中医、西医的优势，运用中西医结合方法，诊治肛肠科常见病、多发病及疑难疾病。在继承中医传统技术的基础上，引进先进的诊疗设备和手术方式，依靠现代科学手段，不断发展、创新，总结出了具有现代中医特色的肛肠专科诊疗方法，形成完整的专科诊疗体系。  主要开展业务包括：内痔、外痔、混合痔、肛裂、肛瘘、肛周直肠脓肿、直肠粘膜内脱垂、肛门狭窄、先天性巨结肠病、肛门直肠息肉、肛乳头瘤、肛门湿疹、肛门瘙痒、肛门尖锐湿疣、直肠异物、孤立性直肠溃疡等肛肠科常见病以及各型便秘、肠梗阻、吻合口炎、结肠癌、直肠癌、肛管癌、家族性腺瘤性息肉病、溃疡性结肠炎、克罗恩病等疑难病的检查、诊断及中西医结合的治疗。  肛肠科治疗特色：个体化治疗方案较之其他医院普遍具有微创、无痛、不复发、术后并发症少、住院周期短等优势。  　　1.肛肠科现已开展肛肠疾病各项手术，术中术后基本无疼痛，平均住院时间仅3-5天，住院环境优雅舒适，花费较低。手术采用RPH、PPH、TST等现代最新科技的微创治疗手段，创面小，后遗症发生率明显低于传统手术方式，创口愈合时间更短，术后痛苦更小。换药时，我科采用专科调配的自制中药药膏纱条，配合专家验方中药内服及熏洗坐浴，显著缓解患者术后疼痛，提高患者术后舒适度，明显提高患者的生活质量。  2.采用专科调配的中医药内服、外洗、外贴换药，治疗多种肛肠疾病(如顽固性便秘、肛窦炎、肛周湿疹和肛周脓肿等)，效果显著，使部分患者免于开刀之苦。  　　3.充分发挥中西医结合优势，结合肌电图、排便造影、结肠传输试验等高科技的手段进行明确诊断，运用手术+药物+功能训练+生物反馈+心理疏导五联疗法治疗习惯性便秘，疗效显著，并且随着病情缓解，可逐步减药，甚至停药，可避免因长期口服泻药而导致的结肠黑变病的发生。  　　4.口服中药+灌肠+针灸+磁疗四联疗法治疗溃疡性结肠炎，相比于单纯应用西药，医疗花费低，患者症状缓解率高，维持症状缓解时间更久，且可避免因长期口服西药影响肝肾功能的副作用。  　　5.中医药辅助治疗结肠肿瘤。以中医理论为指导，采用口服+灌肠二联疗法，促进患者体质恢复，减轻放化疗的副作用，提高生活质量。  　　6.开创肛门尖锐湿疣抗复发三联疗法，治愈率高，复发率极低。  　　7.开展肛肠科常见病的门诊手术，患者随治随走，痛苦小，不影响患者的工作和学习，真正体现中医治疗肛肠病“简、便、廉、验”的特点。  8.在长期的医疗实践中，研制开发了各类肛肠病的多种纯中药制剂，如：黄连消肿膏、金黄膏、消敏膏、痔瘘外洗方、术后口服协定方、肛门瘙痒外洗方、肛肠外洗止痒方、祛疣汤、肛肠止血方、肛肠通便方、消肿止痛口服方、硝矾洗剂等。  　　健康所系，性命相托。我们会谨记医生的誓言，尽职尽责，以我们的热心、关心、细心、耐心，让病人更舒心、放心、安心、欢心。    
441,[南院]针灸科门诊,　针灸专科是医院的龙头科室，技术力量雄厚，专科齐全，医疗特色突出，在国内外享有极高的声誉，以石学敏院士创立的“醒脑开窍”针刺法、针刺手法量学及刺络疗法等一系列成果的研究和临床应用作为主要特色。以“醒脑开窍”针刺法为特色的“石氏中风单元”，开辟了中风病治疗的新模式，此模式被国家中医药管理局确立为十大推广新技术。国内外中风病患者慕名前来针灸专科进行治疗，年均收治境外中风病患者100余人次。本项研究引起了国际学术界的广泛关注，与美国、法国、德国、瑞士、俄罗斯、韩国日本、等国际著名科研、医疗单位开展了中风病疗效评价的深入合作研究，以及中医治疗中风病的临床和机理研究及教学活动，成效卓著。因此，针灸专科被国家确立为“中风病临床研究基地”。   　　专科特色医疗促进了新技术、新成果的推广应用。目前针灸专科临床治疗常见病种达200余种，主要开展的针灸特色疗法有：   　　1、 醒脑开窍针刺法治疗中风及各种并发症如抑郁、失语、便秘、尿失禁、尿潴留、共济失调、丘脑痛等；   　　2、 活血散风、调和肝脾治疗高血压病；   　　3、 平肝通络针法治疗老年期痴呆、血管性痴呆等；   　　4、 调神疏肝针刺法治疗郁症；   　　5、 刺络疗法治疗面瘫、哮喘、带状疱疹、震颤麻痹等；   　　6、 开关通窍针法治疗吞咽障碍；   　　7、 夹脊排刺针法治疗外伤性截瘫、腰椎间盘突出症等；   　　8、 芒针疗法治疗胃下垂、慢性前列腺炎等；   　　9、“调神益智”针法治疗脑梗死后认知障碍等  
448,[南院]呼吸内科门诊,本学科始建于1979年，经过陈芳洲、牛元起、张希鹏及现任科主任刘桂颖主任等几代人的努力，呼吸科经历了从无到有，从薄弱到壮大的发展过程，科室功能逐渐完善，人才梯队逐步合理，是教学先进集体，诚信科室。呼吸科现有诊室5间，下设戒烟门诊和专病门诊，月均门诊量4000人次以上，主要诊治病种有呼吸系统感染、支气管哮喘、慢性阻塞性肺病、肺间质疾病、肺心病、慢性呼衰、肺部肿瘤等呼吸系统疾病。开放床位34张，平均月收治病人80余人次，病床使用率95％以上，并拥有肺功能仪、支气管镜、呼吸机、睡眠呼吸监测仪等大型现代化医疗设备。拥有成员18人，其中主任医师3人，副主任医师3人，博士学位1人，硕士学位14人，天津市名中医1人，师承人员1人。通过学科建设、科研管理和学术活动，造就了一批学术带头人和学术骨干，现已形成一支富有活力和创造性的医教研群体。  　研究方向：（1）中医药治疗哮喘的临床及机理研究：包括疏风通络法治疗哮喘临床及机理研究，三伏贴预防哮喘和疾病控制相关研究；（2）中医药治疗肺血管重建临床及机制研究。  人才培养：培养硕士20人，带教本科生600余人，带教规范化培训住院医师160余人，同时还带教外来进修人员。  
817,[南院]儿科肠道门诊,[南院]儿科肠道门诊
200,耳鼻喉科门诊,耳鼻喉科门诊
497,脑血管病科门诊,脑血管病科门诊
360,针四门诊,针四门诊
241,营养科门诊,营养科门诊
248,停用肠道科急诊,肠道科急诊
824,关节软伤科门诊,关节软伤科门诊
363,针七门诊,针七门诊
748,[南院]麻醉科门诊,[南院]麻醉科门诊
209,肾病科门诊,肾病科门诊
247,泌尿外科门诊,泌尿外科门诊
480,[南院]体检中心,[南院]体检中心
447,[南院]肝胆内科门诊,"肝胆科作为我院中医内科重要组成之一创建于上世纪50年代，是我院发展史上号称“心、肝、肾”起家的专科之一。学科创建者——老一辈肝病专家张翰卿、翟殿华及其弟子刘德清、刘嘉企等，在中医肝病诊疗方面颇有造诣,其精深的学术思想及丰富的临床诊疗，为肝病学科的发展打下了坚实的基础。       跨世纪以来， 肝胆科的发展实现了重大转变。以学院及医院深化改革为契机，将早期以临床为主的局面，进一步扩展成“医、教、研三结合”的符合现代中医内科发展的新模式,重新创建出以现代中医为主的中西医结合肝病队伍，在学科领域内崭露头角。于2006年成为天津市中西医结合肝病重点专科建设单位，2012年成为全国脂肪肝诊疗中心。   　 在学科发展之初，肝胆科就将学科研究重点领域投向了本领域内热点、重点、难点，尤其是本着“发挥我之所长，补其他重点学科研究之缺”的理念，确立了以“家族聚集性慢性HBV感染的发病机制与临床研究”、 “中医治疗脂肪性肝病的规范化研究”、“中西医结合治疗自身免疫性肝病”、三大主要研究方向的新思路。对家族聚集性慢性HBV感染、自身免疫性肝炎、脂肪性肝病等专科专病的研究上处于全国领先学术水平：   　　目前肝胆科已具备一支结构合理，梯队完整的学术团队，学术带头人在本领域内具有较高的学术地位与学术造诣。科室拥有床位40张，现有医生14人，正主任医师5人，拥有硕博士以上学历者11人。配备完善的医疗急救设备和各种肝病专用设备，拥有自己的B超室和胃镜室。       科主任、学科带头人郭卉为主任医师、硕士生导师，从事本专业医、教、研工作近15年，对各种慢性肝病的诊疗有较深造诣，特别对脂肪性肝病、酒精肝、肝硬化、慢性乙型肝炎、丙型肝炎、自身免疫性肝病、肝癌诊疗有独到之处。   　　天津中医药大学第一附属医院肝胆科以中西医结合诊疗各种慢性肝胆疾病(酒精性和非酒精性肝病、自身免疫性肝病、慢性乙、丙肝、胆系疾患)为特色，并研发出慢性肝病系列院制剂10种。开展B超监视下的肝穿刺的诊疗技术、内窥镜的诊疗技术、各种肝胆疾病的介入治疗、腹水浓缩回输技术。开展慢性肝病的临床及基础研究，目前在研的省市级以上课题6项.发表论文30余篇。承担天津中医药大学中医及西医内科的临床教学，承担培养研究生的任务。培养硕士研究生25名.  "
202,妇科门诊,妇科门诊
471,[南院]营养科门诊,[南院]营养科门诊
301,生殖中心门诊,生殖中心门诊
201,风湿内科门诊,风湿内科门诊
815,外科急诊,外科急诊
362,针五门诊,针五门诊
208,皮肤科门诊,皮肤科门诊
206,老年病科门诊,老年病科门诊
521,[南院]针刀门诊,[南院]针刀门诊
220,脾胃科门诊,脾胃科门诊
464,[南院]脾胃科门诊,"天津中医药大学第一附属医院内科部为国家教育部重点学科，脾胃科是内科部下属的分支学科，胃肠动力学及形态学试验室，是天津市中医药科研二级试验室。本学科成立于1989年，创始人为我市名中医王文仲老先生,擅长治疗慢性萎缩性胃炎、肠上皮化生及不典型增生，以脾胃湿热论治，根据中医“久病入络”理论，加入活血化淤，软坚散结之品，王文仲主任、陈大权主任共同制成卓有成效的院制剂“健胃合剂”，并获天津市科技进步三等奖。  　　经过20年的发展，我科目前集内窥镜中心、门诊、病房为一体，拥有现代化内窥镜检查设备，即富士能EG-590、EG-410胃镜，EG-495肠镜、十二指肠镜、幽门螺旋菌测试仪、微波内镜治疗仪GW-92F、ERBE电凝内镜治疗仪。我科内窥镜中心杨强主任对上消化道出血内镜下止血、食管扩张术及支架置入术治疗上消化道良、恶性狭窄、经内镜胃造口治疗进食障碍，消化道息肉切除等的治疗，临床经验丰富，疗效显著。  　　目前我科门诊有主任医师4名、副主任医师3名，主治医师3名，年门诊量5.5万人次。主要诊治病种为慢性萎缩性胃炎、肠上皮化生及不典型增生、功能性消化不良、反流性食管炎、消化性溃疡、幽门螺杆菌感染相关性胃炎、急、慢性胰腺炎、肠易激综合症、不完全性肠梗阻、慢性结肠炎、溃疡性结肠炎及消化道肿瘤等疾病。    "
837,停用[南院]I期病房,[南院]I期病房
461,[南院]除痛科门诊,[南院]除痛科门诊
486,[南院]特需会诊中心,[南院]特需会诊中心
359,针三门诊,针三门诊
457,[南院]眼科门诊,　我院眼科成立于1956年，历经几代眼科人近60余年的不懈努力，现已形成具备现代化先进仪器设备，老中青中西医人才兼备，医教研并进，中西医结合的特色专科，科室现有正高职称7人，副高3人，初中级6人。  　　南院区和北院区均开设眼科门诊，病房将以南院为主；设备主要有蔡司LumeraI眼科手术显微镜、眼力健Signature超声乳化仪、眼科A/B超、全自动视野检查仪、眼电生理（VEP/ERG）、进口荧光眼底造影仪等设备。  　　近年我科广泛开展白内障超声乳化联合人工晶体植入手术、抗青光眼手术、二期人工晶体植入手术、玻璃体腔注药手术、翼状胬肉切除联合角膜缘干细胞移植手术等，其中白内障超声乳化手术尤为娴熟。  　　我科针刺治疗慢性眼病闻名全国，曾举办2次全国“针刺治疗眼病学习班”，每年接受国内外学习进修者数十人次。其中针刺治疗视神经萎缩是我科中医特色优势，针刺对本病疗效确切，可以提高视力、扩大视野、改善视觉质量，配合中药疗效更佳。同时针刺治疗干眼症、视疲劳、青少年近视弱视也积累了丰富的临床经验。  　　我科还用中医、中西医结合方法治疗各类眼科疾病，尤以治疗病毒性角膜炎、葡萄膜炎、年龄相关性黄斑变性、糖尿病视网膜病变。其中玻璃体腔药物注射联合中医药治疗对湿性黄斑变性、糖尿病视网膜病变疗效更佳。  　　眼科现主持国家自然基金面上项目2项，完成科研成果10余项，3次获得天津市科技进步奖。承担天津中医药大学本科和硕士研究生教学任务。  　　完成科研成果8项，3次获得天津市科技进步奖。承担天津中医药大学本科和硕士研究生教学任务。  
215,心身科门诊,心身科门诊
445,[南院]风湿内科门诊,  天津中医药大学第一附属医院风湿科成立于上世纪七十年代，原为内科风湿病组，在名老中医王云翮、张秀华以及现任学科带头人刘维教授等三代风湿专家的努力下，专科现有床位80余张，年住院人数1600余人次，年收入超过5000万，现已成为天津市乃至华北地区集诊疗、科研、教学为一体的最大的三级甲等中医风湿病临床诊疗基地，为中华中医药学会内科分会常务委员、中华中医药学会风湿病专业委员会副主任委员、中国中西医结合学会风湿病专业委员会副主任委员、中国中药协会临床评价专业委员会常务委员、华北地区中西医结合防治风湿病协作委员会副主任委员、海峡两岸医药卫生交流协会中西医结合专家委员会常委、海峡两岸医药卫生交流协会风湿免疫病学专家委员会委员、天津中医药学会风湿病专业委员会主任委员、中西医结合风湿病学会天津分会副主任委员、天津医学会风湿病分会副主任委员、天津中医药学会常委单位，天津市中医药学会风湿病专业委员会挂靠单位，国家中医药管理局“十一五”、“十二五”重点专科，国家中医药管理局临床重点专病燥痹（干燥综合征）全国组长单位。经过几十年的发展，风湿病专科现形成了一支以博导、硕导为领军，以博士硕士等中坚力量为主体，以中青年骨干主要成员的学术梯队，保证了学科具有强大的发展势头。本学科队伍现有14人，职称结构上正高职称7人，副高职称2人，中级职称3人，初级职称3人；在年龄结构上40岁以下者8人，40岁至60岁者6人，60岁以上者1人；在学历结构上具有博士学位3人，硕士学位5人，学士学位7人。形成了一个学科梯队合理，学科队伍整体素质高，协作精神强，发展潜力大的学科团队。  天津中医药大学第一附属医院风湿科，在注重整理古代医籍文献及近代名老中医经验的同时，也非常注重培养自己的后备人才。目前形成了以刘维教授为学科带头人，以王慧、王熠、张磊等为代表的中青年力量，形成了以硕博士为主导，以中青年专家为骨干的人才培养、管理梯队。       科室在注重提高临床医疗水平的同时，也积极参与国家、省部级科研课题的研究，经过15年的发展，风湿病科领衔了“十二五”国家科技重大专项、国家自然科学基金、“十五”攻关、“十一五”攻关、中医药管理局、天津科委、吴阶平医学基金等多项科研课题。已获国家级、省部级、卫生局级科研成果20余项，其中参与研究的“从毒虚瘀论治系统性红斑狼疮研究”获2012年国家科技进步二等奖；“基于类风湿关节炎的中医诊疗评价体系研究”获中华中医药学会科技进步二等奖；“雷公藤多苷片治疗类风湿关节炎减毒增效研究”获天津市科技进步三等奖；“中西医结合治疗系统性红斑狼疮临床及实验研究”获得中国中西医结合学会科技进步三等奖。在国家级核心期刊发表论文100余篇，出版各类专著6部，培养硕博士研究生30余名。  
803,[南院]乳腺外科门诊,乳腺外科是以乳腺专科为特色的中西医结合外科，在秉承我院50余年中医治疗乳腺疾病的经验基础上，突出“微创、中医中药”的特点，为患者提供疗效可靠的多种诊疗方法，满足不同患者的需求。目前科室人员共9名，主任医师4名，副主任医师1名，主治医师4名；博士2名，硕士3名，本科4名。  专科、专病、专治、专药治疗  　　1.乳腺肿瘤微创治疗及活检：引进安珂(EnCor)全自动旋切系统。该设备是目前最先进的乳腺微创治疗及活检系统。广泛应用于乳腺纤维瘤、乳腺增生结节、乳腺囊肿、乳腺纤维钙化、脂肪瘤、男性乳房发育、副乳、乳腺多灶性病变、不明肿块等。该系统的应用，进一步提高了乳腺疾病的早期诊断率，打破乳腺疾病治疗的常规，既解决乳腺疾病，又保留女性完美乳房。  　　2.哺乳期乳腺炎：为科室中医特色治疗病种。采取中药内服、外治、火针排脓等中医特色治疗。  　　⑴内服中药：根据不同辨证分期，如肿块期、酿脓期、引流或溃后分别给与个性化疗，并根据病情、病人要求给予回乳处方治疗。  　　⑵外治法：根据不同辨证分期，分别应用中医箍围、穿刺排脓、火针排脓、切开引流、袪腐生肌、垫棉等方法，并配以相应专科外用药物及专病敷贴。  　　⑶传统火针排脓：洞式切口，损伤小，不影响哺乳，减少了乳瘘等并发症。  　　⑷乳房按摩：有专业催乳师资质的护士，设置专用乳房按摩诊室，让患者得到规范的专科治疗，并更好的保护患者的隐私。  　　⑸治未病门诊：开设孕期乳房保健及哺乳期健康咨询门诊、心理疏导门诊。  　　3.非哺乳期乳腺炎（肉芽肿性乳腺炎、浆细胞性乳腺炎）：针对目前肉芽肿性乳腺炎发病率呈明显增长趋势，作为科室重点研究病种。目前已开展针对本病的多种治疗方法，积累病例近几百例，已形成相对规范的系列治疗，如术前术后的中药治疗、外治法、外用药的选择、病灶清除的方法（保留可逆腺体的清创术、VSD负压引流术）、保持乳房外形的一期、二期无残留缝线缝合法等，已形成科室特色疗法。  　　4.乳腺增生、乳痛症：已经形成常规的系列治疗，包括系列协定处方药及针灸、拔罐、贴敷治疗、埋线、理疗等疗法。专科用药：乳痛灵1号、2号、化核丸、乳增康汤剂、黄连膏、金黄膏等。  　　5.乳腺导管内疾病：已开展乳导管造影、乳腺区段切除等手术。针对目前导管内病变仅限于脱落细胞检查、中药治疗及乳腺区段切除，手术创伤相对较大，而且病变导管定位不确切，存在切除范围扩大的弊端，且导管内乳头状瘤本身又有较高的恶变可能，术前诊断受到限制，准备引进乳腺纤维导管镜检查，更好的导管内病变的检查、活检、诊断及微创治疗。  　　6.乳腺先天畸形：开展乳腺畸形手术主要是包括乳头内陷矫正、男性乳房异常发育、副乳切除手术。乳头内陷分级治疗：Ⅰ级乳头内陷患者，选择乳头矫形器等保守治疗；Ⅱ级患者，尤其是有再哺乳要求的患者选择乳头支架或矫形手术治疗；Ⅲ级患者，开展特色手术-乳头改良剖开加“Z”形皮瓣转移矫形术，近期、远期效果良好，尤其适用于没有再哺乳要求的患者。  　　7.乳腺恶性肿瘤：已开展多年乳腺癌根治手术及新辅助化疗、中药治疗、内分泌治疗。准备在继续改良根治手术同时，使乳腺癌的手术微创化，开展乳腺癌前哨淋巴结活检术，减少腋窝淋巴清扫例数，使治疗更人性化，在保障疗效的同时，借助我院腔镜系统，开展乳腔镜腋窝淋巴清扫，减轻患者痛苦及术后并发症。    
483,[南院]生殖中心门诊,不孕不育科始建于2011年底，夏天为科主任。学科集临床、教学、科研为一体，是天津市第一家以中医药治疗为主的中西医结合的综合性生殖医学专科。科室共有医护人员8名，主任医师2名，副主任医师1名，主管技师1名，护士2名。    学科充分发挥中医药的优势，运用中西医结合方法采用补肾调冲中药结合针灸理疗、中药灌肠、耳穴等多种疗法，以调理冲任，滋补肝肾为原则，治疗排卵障碍性不孕症、各种妇科炎症所致的不孕症、子宫内膜异位症、未破裂卵泡黄素化综合征（LUFS）、复发性流产等。将中医药运用于试管婴儿技术的辅助治疗。科室开展卵泡监测、输卵管造影、子宫内膜活检、性交后试验、阴道分泌物检查、宫颈粘液评分、精液分析、复发性流产相关检查、卵巢储备功能评估、阴道镜检查等不孕不育相关检测项目，并联合妇科开展宫、腹腔镜检查。治疗方面，开展了药物促排卵、淋巴细胞主动免疫治疗、超声引导下卵巢囊肿穿刺、计划生育手术、盆腔封闭等项目。    科室拥有国家自然基金、中医药管理局基金等多项课题。重视与国内外生殖中心的合作、学习、交流，安排人员去全国著名生殖中心学习进修，并积极参加国内生殖内分泌学术会议。与美国埃默里生殖中心（Emory Reproductive Center）将合作开展多项业务如远程会诊、学术交流等。    
438,[南院]骨伤科门诊,骨伤科是中华中医药学会命名的全国中医骨伤名科、2011年国家中医药管理局重点协作单位、天津市卫生局命名的中医骨伤重点专科、卫生部与中国医师学会命名的骨质疏松症诊疗协作基地，天津中医药学骨伤科专业委员会主任委员单位。2010年天津市卫生系统“优质护理服务示范工程”先进病房。并承担国家卫生部国家中药管理局天津市卫生局、教委、科委的科研工作。  　　骨伤科门诊设有诊疗室15间，其中教授及副主任医师以上高级职称人员23人，学科拥有博士、硕士专科人才22人。门诊治疗项目以手法治疗脊柱关节病为特色，兼备闭合复位、外固定治疗四肢常见骨折为特点，并开通为病房收治骨科手术病人通路，同时配备大型骨质疏松治疗仪、中药熏蒸、脊柱牵引等设备，开发研制专科专药荣筋片、接骨灵丹、消瘀止痛膏等特色传统院内制剂，常年应用于临床，并经国家自然基金等科研课题深化研究，临床深受患者欢迎。充分发挥中医药理疗指导下的专科优势病种，形成专科特色。在颈椎病、膝关节骨性关节病、骨质疏松症、冻结肩、腰椎间盘突出症、高龄关节骨折治疗方面，联合微创脊柱关节镜、微创脊柱成型技术等高新设备，为患者同一病种不同病理阶段提供适宜的治疗选择。  骨伤科病房由博士、硕士的高学历以及教授、主任医师等高职称人员为主体，担负着天津市中医骨伤科培训基地的教学任务，并承担国家临床药理机构的临床验证工作。由王平主任医师带领开展颈椎病、腰椎间盘突出症、膝关节病等临床治疗的研究。由孙波主任医师带领的中西医结合骨伤队伍开展了创伤、脊柱、关节等前沿的手术新技术，包括颈椎前后路联合减压固定治疗颈椎病、胸腰椎微创椎体成形术治疗椎体压缩骨折、腰椎动态稳定系统弹性固定治疗腰椎退行性骨性关节炎等。古恩鹏主任医师、刘鹏副主任医师、杨光博士、刘爱峰博士的专科人才队伍擅长运用腰椎间盘镜、椎间孔镜治疗腰椎间盘突出症、膝关节镜治疗膝骨关节病，臭氧穿刺技术治疗各种关节炎等。  　　骨伤科继承津沽叶氏伤科流派，完成国家十一五神经根型颈椎病临床研究，并承担卫生部十年百项推广项目——手法治疗冻结肩，连续三年被国家中医药管理局列入国家继续教育项目。擅长应用生物力学指导下的手法技术非手术治疗颈、腰、膝等关节疾病，并成为全国中医骨伤科流派之一。近年来随着技术的发展和对外交流的拓展，在手法治疗上又有进一步的创新。借助新引进的龙氏牵引机和最新的6部美国大型整脊治疗床，我们将美式整脊技术和骨科传统手法治疗相结合，极大提升了手法治疗的安全性和有效性。  骨伤科拥有层流手术室，c型臂x光机，电子关节镜、腰椎间盘电子纤维镜系统，配备有骨折治疗仪、空气波治疗仪、大气熏蒸等检查治疗设备，15楼病房新配备了多部大型骨质疏松治疗仪。骨伤科将以最新的设备、最全面的技术，为患者提供专科医疗服务。  
505,肛肠科门诊,肛肠科门诊
216,疮疡及周围血管外科门诊,疮疡及周围血管科门诊
474,停用[南院]碎石外科门诊,[南院]碎石外科门诊
358,针二门诊,针二门诊
254,普外科急诊,普外科急诊
852,[南院]产科门诊,[南院]产科门诊
475,[南院]特需针灸门诊,天津中医药大学第一附属医院特需针灸病房成立于1991年，为临床一级科室；2000年被天津市批准为医疗涉外单位；2006年被批准为国际合作交流中心。自上世纪九十年代初，本科室一直承担着干部的保健任务，开始称做“干部病房”。随着改革开放，又兼做“外宾病房”。进入二十一世纪，为了满足人们对高品质医疗服务的要求，所谓“高级病房、VIP病房”之类的“特需病房”应运而生。  针灸特需病房拥有一支技术精湛、服务优良的专业团队，始终坚持以健康为出发点，提供优良的就医环境和优质的医疗服务。目前全科共45名医生，其中主任医师7名，副主任医师4名，主治医师14名，住院医师20名；其中获得博士学位者11名，硕士学位者23名。科室技术力量雄厚，以著名针灸学专家、中国工程院院士、国医大师石学敏教授为学术带头人，在吕建明主任的带领下，积极从事医疗、教学、科研等多方面的工作。  1.医疗方面  　　为满足患者的就医需要，科室在医院南北两个院区均设有病房及门诊，固定床位数143张，北院区设立五个病区，分别分布在C11、C12、C13、B5楼；伴随医院的第三次腾飞，针灸特需团队不断壮大，于2015年在南院N23层开诊特需针灸一病区，建立起一个全新的平台，硬件设施更加优良，与北院的针灸特需互相配合，以满足高品质医疗服务的要求。  　　本科室传承了学科带头人石学敏院士在脑血管病及其次生疾病、原发性高血压、血管性痴呆等疾病的宝贵治疗经验，临床诊治的疾病涵盖内、外、妇、儿、骨伤、急症、五官、皮肤等各科疾患多达100多种，尤其以针灸为主治疗中风病、颈椎病、腰椎病、运动神经元病、高血压病、冠心病、糖尿病、周围性面神经麻痹、前列腺疾患、抑郁症、痛症、吞咽障碍、退行性骨关节病、帕金森病等疾病为主要特色。  　　我科室充分发挥中医特色，坚持以中医治疗为主要医疗手段。临床以针灸治疗为主，配合中药内服外用，并辅助穴位拔罐、刺络疗法、中药浴、中药熏蒸治疗、直流电中药透入疗法、湿敷治疗、微波治疗、脑反射治疗治疗、神灯照射等多种理疗手段，以提高患者的临床疗效，改善患者的生存质量，科室倡导绿色治疗，立志于为患者提供优质、高效的综合医疗服务，以促进患者的早日康复。得到了社会的广泛认可。  　　特需针灸病房倡导治未病理念，提倡未病先防。针对追求健康的广大民众，尤其是亚健康人群，可提供个性化体检及相应的预防、保健、康复和治疗的特需服务。  2.科教方面  　　科室以临床工作为基础，重视科研及教学工作。不断加强科研人才的培养，积极组织申报各级科研项目，积极开展国际针灸交流与合作。目前科室在研国家级科研课题6项，其中主持4项；承担药物观察试验3项。  　　科室作为针灸学教育基地，承担着本科生、研究生以及住院医师规范化培训的教学工作，每年科室平均带教研究生50余名，培养毕业博硕士研究生20余名，科室针对不同级别的学生，制定合理的培养方案，分层分级规范化管理，不断提高培养质量。积极支持和鼓励科室医师参加国内的学术交流活动。并积极组织医师学习新的治疗项目和治疗手段，不断提高医师的技术水平。  　　总之，针灸特需病房将永远秉承“爱岗敬业、服务至上、南北特需共同发展”的理念，在工作中开拓进取、勇于创新，不断提高医教研水平，竭诚为广大患者服务！  
481,[南院]国医堂专家门诊,[南院]国医堂专家门诊
133,针灸科门诊,针灸科门诊
459,[南院]心身科门诊,天津中医药大学第一附属医院心身科成立于1992年，率先在国内开展中医治疗心身疾病的临床和研究工作，中医诊疗水平处于全国先进行列，为集医疗、教学、科研和预防为一体的心身疾病中医治疗中心。南北院区门诊共有诊室20间，两院区均设置中医综合治疗室、心理测查室、心理咨询室，并配备电脑心理测查系统，病房现开放床位42张。为国家中医药管理局 “十二五”重点专科、“十二五”重点培育学科、天津市卫生局中医重点专科、“健康中国—全国抑郁症及睡眠障碍健康促进项目教育基地”、“中美共建睡眠健康工程基地”，荣获中医一附院 “先进集体”、“诚信科室”等称号。  科室为国家二级学科副主委单位，天津市精神医学、心身医学、康复及亚健康等多个领域的学科副主委、常委及委员单位。心身科现拥有主任医师4名、副主任医师5名、主治医师7名、医师4名，共计20名专业医师，其中博士学位6名，硕士学位12名，人才梯队配备合理。目前已形成了以专家为核心，中青年科技人才为骨干力量的专业技术梯队，在我市乃至全国中医心理领域有较高的学术地位。  近年引进多名高科技人才，促进了科室整体学术水平的不断提高，该学科主研参研的科研项目包括国家自然基金、天津市自然基金8项，天津市科技成果鉴定8项，天津市科技进步三等奖2项，天津市科委课题1项。目前心身科已形成了以专家为核心，中青年科技人才为骨干力量的专业技术梯队，掌握国内外先进技术、学术思想活跃的中青年科技骨干已被推到科研工作第一线。科室主编和参编著作10余部，发表论文130余篇，SCI收录7篇，在我市乃至全国心身医学领域树立了很高的学术地位。    
484,[南院]重症医学科门诊,　　天津中医药大学第一附属医院急症部成立于1991年，为临床一级科室。1996年被国家中医药管理局批准为全国中医急诊临床中心，2007年被国家中医药管理局评为中医急诊临床基地建设单位，以心、肺、脑血管疾病作为临床工作重点。2003年取得硕士学位授予权。   　　急症部多年来在持续发展中不断壮大。现设有急症观察、急症病房、综合ICU三个部门；设有留观床位32张，急症抢救床位3张，急症病房床位31张，年急诊量4万人次，年住院1千人次。学科现已建立一支学术梯队合理，后备力量雄厚的学术队伍。共有人员26人，其中高级职称11 人，中级职称12人，博士学位2人，硕士学位11人。拥有呼吸机、心电监护系统、除颤起搏仪、心梗、心衰检测仪、心电监护系统、 ICU吊塔系统、血液滤过机等先进设备。在学科带头人刘新桥主任的领导下，现我院急症部已经建立起以急症门诊为窗口、急症病房为依托、急症ICU为核心的“三位一体”式的全方位诊疗体系。可熟练进行心肺复苏术，经口、鼻气管插管术，机械通气，血流动力学监测，连续性血液净化，深静脉置管术，体外、心内临时起搏，胸腔闭式引流术，心包穿刺引流术，胸腔、腹腔穿刺抽液术，经皮穿刺气管切开等临床操作。开展多项临床科研，撰写大量医学论文，形成“中西结合、针药结合、内外结合”的三结合医学模式。  　　学科承担关键性的急诊抢救及全院的抢救会诊工作，具有处理急诊突发事件的能力，可熟练运用急救操作技能，开展了一系列中西医结合急诊抢救工作，包括中西医治疗急性心肌梗死，腹腔感染性休克、脑出血、消化道大出血；中西结合救治多脏器功能不全、脓毒症、心力衰竭、呼吸衰竭、肾功能衰竭、心肺复苏后脑复苏及小儿高热惊厥等疾病。开展危重病人持续血液净化治疗，取得良好的效果。  　　急症部于1996年被国家中医药管理局批准为全国中医急诊临床中心，2007年被国家中医药管理局评为中医急诊临床基地建设单位，以心、肺、脑血管疾病作为临床工作重点。2003年取得硕士学位授予权。开展包括针刺治疗心脏骤停后脑复苏治疗、中西医结合治疗急性心肌梗死后并发症、中西医结合治疗多脏器功能衰竭综合征3项中医特色专项技术。建立健全《突发公共卫生事件报告管理制度》、《传染病疫情报告管理制度》，制定《突发公共卫生事件应急预案》、《急症部接诊群体食物中毒事件应急预案》、《感染性公共卫生事件消毒隔离措施》制度。SARS期间获荣获“十五”立功先进集体称号。同全国32家中医急诊建设单位结成急诊协作组。同浙江省中医院、新疆中医院等5家单位结成中医卒心痛协作组并担任副组长单位。同北京中医药大学东直门医院等6家单位结成中医脓毒症协作组。2006年入选首批中管局中医临床急诊基地建设项目单位。进行临床诊疗方案的梳理、优化工作。并制定《天津市中医急诊临床培养方案》用于临床住院医师规范化培训内容。  　　目前急症部已经培养硕士生22名，成为所在单位骨干力量。目前在学硕士生12名，现每年招收硕士生约4-6名。  
477,停用[南院]肠道科急诊,[南院]肠道科急诊
437,停用[南院]国医堂二部,[南院]国医堂二部
704,[南院]临床试验机构,[南院]临床试验机构
823,脊柱软伤科门诊,脊柱软伤科门诊
469,[南院]儿科急诊,[南院]儿科急诊
243,特需门诊,特需门诊
819,[南院]泌尿外科门诊,泌尿外科主要承担医院泌尿外科专业的临床、教学及科研工作。现有专业技术人员8人（正高1人、副高2人、主治4人，医师1人，其中硕士5人 ）。拥有Wolf尿道膀胱镜、肾镜、输尿管镜、腹腔镜、前列腺电切镜、体外震波碎石机、气压弹道腔内碎石机、电化学前列腺增生治疗仪、光辐射前列腺治疗仪及尿动力学检查仪等泌尿外科医疗设备。设有泌尿外科病房、泌尿外科门诊及泌尿碎石门诊。  　　在临床工作方面，主要应用中西医结合方法综合治疗泌尿男性生殖系统疾病，特别是应用中西医结合诊治泌尿系结石、前列腺炎、前列腺增生、泌尿系肿瘤及女性成人膀胱炎、尿道综合征等泌尿系统疾病方面，研创了独具的特色治疗方法，取得了满意的治疗效果，积累了丰富的临床经验。形成了以体外冲击波碎石治疗为基础，以腔内碎石微创手术治疗为龙头，以中西医结合药物治疗为特色的泌尿系结石专病治疗单元。在泌尿外科手术治疗学方面，开展了肾癌、肾盂癌根治性切除术、肾盂成形术、后腹腔镜肾上腺肿瘤切除术、后腹腔镜肾切除术、后腹腔镜肾囊肿切除术、后腹腔镜输尿管切开取石术、经皮肾镜碎石取石术、经尿道输尿管镜碎石取石术、经尿道前列腺切除术、前列腺切除术、膀胱癌切除术及重建回肠新膀胱等多种大型泌尿外科手术。  　　泌尿外科将以饱满的热情、精湛的技术、周到的服务竭诚为广大患者服务。   
